{"accuracy": [0.5920904874801636, 0.8561775088310242, 0.9114161729812622, 0.9379898905754089, 0.954150378704071, 0.9643502235412598, 0.9703961610794067, 0.9757166504859924, 0.9796286821365356, 0.9820044040679932], "loss": [1.3833339214324951, 0.45238324999809265, 0.26920318603515625, 0.18874703347682953, 0.13959845900535583, 0.1082753837108612, 0.0902024507522583, 0.07341723144054413, 0.06448632478713989, 0.05626700073480606], "val_accuracy": [0.8325176239013672, 0.9021739363670349, 0.9286364912986755, 0.9470748901367188, 0.9544730186462402, 0.9556112289428711, 0.9509446620941162, 0.9666514992713928, 0.9647734761238098, 0.9549852013587952], "val_loss": [0.5198241472244263, 0.30199140310287476, 0.2287919968366623, 0.1681676059961319, 0.14142361283302307, 0.14670810103416443, 0.16047096252441406, 0.10983216017484665, 0.11823975294828415, 0.15453124046325684]}